<?xml version="1.0" encoding="UTF-8"?>
<project-private xmlns="http://www.netbeans.org/ns/project-private/1">
    <editor-bookmarks xmlns="http://www.netbeans.org/ns/editor-bookmarks/2" lastBookmarkId="0"/>
    <open-files xmlns="http://www.netbeans.org/ns/projectui-open-files/2">
        <group name="SEGUNDO CURSO">
            <file>file:/D:/JAVIER/LABORATORIO/DAM/SEGUNDO_CURSO/PROGRAMAS/calculadora/test/calculadora/CalculandoIT.java</file>
            <file>file:/D:/JAVIER/LABORATORIO/DAM/SEGUNDO_CURSO/PROGRAMAS/calculadora/src/calculadora/Calculando.java</file>
            <file>file:/D:/JAVIER/LABORATORIO/DAM/SEGUNDO_CURSO/PROGRAMAS/calculadora/src/calculadora/Main.java</file>
        </group>
    </open-files>
</project-private>
